user_id,temperature,rain_chance,wind_speed,outer_id,outer_name,top_id,top_name,bottom_id,bottom_name,score,top_type,top_color,top_material,top_size,top_season,top_style,top_favorite,top_special_property,bottom_type,bottom_color,bottom_material,bottom_size,bottom_season,bottom_style,bottom_favorite,bottom_special_property,outer_type,outer_color,outer_material,outer_size,outer_season,outer_style,outer_favorite,outer_special_property,has_outer
1,12.2,74.1,2.9,8.0,Jacket,2,T-shirt,13,Trousers,3.8988571428571426,T-shirt,Blue,Leather,L,Spring/Autumn,Evening,0,Anti-chafing,Trousers,Beige,Leather,S,Summer,Evening,0,Anti-chafing,Jacket,Green,Polyester,L,Spring/Autumn,Sporty,0.0,Quick-drying,1
1,12.2,74.1,2.9,8.0,Jacket,2,T-shirt,11,Trousers,3.8836190476190473,T-shirt,Blue,Leather,L,Spring/Autumn,Evening,0,Anti-chafing,Trousers,Black,Linen,S,Winter,Formal,1,Non-restrictive,Jacket,Green,Polyester,L,Spring/Autumn,Sporty,0.0,Quick-drying,1
1,12.2,74.1,2.9,8.0,Jacket,1,Sweatshirt,13,Trousers,3.805047619047619,Sweatshirt,Green,Wool,XL,Summer,Sporty,0,Non-restrictive,Trousers,Beige,Leather,S,Summer,Evening,0,Anti-chafing,Jacket,Green,Polyester,L,Spring/Autumn,Sporty,0.0,Quick-drying,1
1,12.2,74.1,2.9,8.0,Jacket,1,Sweatshirt,11,Trousers,3.789809523809524,Sweatshirt,Green,Wool,XL,Summer,Sporty,0,Non-restrictive,Trousers,Black,Linen,S,Winter,Formal,1,Non-restrictive,Jacket,Green,Polyester,L,Spring/Autumn,Sporty,0.0,Quick-drying,1
1,12.2,74.1,2.9,10.0,Jacket,2,T-shirt,13,Trousers,3.72852380952381,T-shirt,Blue,Leather,L,Spring/Autumn,Evening,0,Anti-chafing,Trousers,Beige,Leather,S,Summer,Evening,0,Anti-chafing,Jacket,Gray,Jeans,XXL,Winter,Evening,0.0,Non-restrictive,1
2,15.7,11.1,13.9,27.0,Jacket,21,Blazer,36,Skirt,1.3017899317518509,Blazer,Beige,Leather,M,Summer,Evening,1,Non-restrictive,Skirt,Beige,Polyester,XS,All-year,Evening,0,Waterproof,Jacket,Beige,Wool,XXL,Spring/Autumn,Evening,0.0,Quick-drying,1
2,15.7,11.1,13.9,37.0,Jacket,21,Blazer,36,Skirt,1.3017899317518509,Blazer,Beige,Leather,M,Summer,Evening,1,Non-restrictive,Skirt,Beige,Polyester,XS,All-year,Evening,0,Waterproof,Jacket,Beige,Jeans,S,All-year,Sporty,0.0,Waterproof,1
2,15.7,11.1,13.9,27.0,Jacket,21,Blazer,31,Trousers,1.122119022055554,Blazer,Beige,Leather,M,Summer,Evening,1,Non-restrictive,Trousers,Green,Linen,S,Spring/Autumn,Formal,0,Quick-drying,Jacket,Beige,Wool,XXL,Spring/Autumn,Evening,0.0,Quick-drying,1
2,15.7,11.1,13.9,37.0,Jacket,21,Blazer,31,Trousers,1.122119022055554,Blazer,Beige,Leather,M,Summer,Evening,1,Non-restrictive,Trousers,Green,Linen,S,Spring/Autumn,Formal,0,Quick-drying,Jacket,Beige,Jeans,S,All-year,Sporty,0.0,Waterproof,1
2,15.7,11.1,13.9,27.0,Jacket,21,Blazer,43,Trousers,1.1217692917185171,Blazer,Beige,Leather,M,Summer,Evening,1,Non-restrictive,Trousers,Red,Cotton,L,Summer,Formal,0,Quick-drying,Jacket,Beige,Wool,XXL,Spring/Autumn,Evening,0.0,Quick-drying,1
3,7.0,82.4,23.7,50.0,Coat,47,T-shirt,55,Trousers,6.543990121811904,T-shirt,White,Cotton,L,Spring/Autumn,Formal,1,Anti-chafing,Trousers,Gray,Linen,M,All-year,Sporty,0,Waterproof,Coat,White,Wool,S,Summer,Formal,1.0,Waterproof,1
3,7.0,82.4,23.7,50.0,Coat,47,T-shirt,57,Trousers,6.375070272873014,T-shirt,White,Cotton,L,Spring/Autumn,Formal,1,Anti-chafing,Trousers,Black,Polyester,XXL,Summer,Evening,0,Non-restrictive,Coat,White,Wool,S,Summer,Formal,1.0,Waterproof,1
3,7.0,82.4,23.7,50.0,Coat,62,Blazer,55,Trousers,6.23954567736746,Blazer,Gray,Cotton,L,Summer,Casual,0,Insulated,Trousers,Gray,Linen,M,All-year,Sporty,0,Waterproof,Coat,White,Wool,S,Summer,Formal,1.0,Waterproof,1
3,7.0,82.4,23.7,50.0,Coat,44,T-shirt,55,Trousers,6.235101232923014,T-shirt,White,Cotton,L,All-year,Sporty,0,Breathable,Trousers,Gray,Linen,M,All-year,Sporty,0,Waterproof,Coat,White,Wool,S,Summer,Formal,1.0,Waterproof,1
3,7.0,82.4,23.7,50.0,Coat,45,Blazer,55,Trousers,6.142323455145237,Blazer,Blue,Jeans,M,All-year,Formal,0,Insulated,Trousers,Gray,Linen,M,All-year,Sporty,0,Waterproof,Coat,White,Wool,S,Summer,Formal,1.0,Waterproof,1
4,23.8,24.8,7.5,-1.0,missing,80,T-shirt,75,Shorts,1.0571351890133305,T-shirt,White,Linen,L,Summer,Casual,1,Insulated,Shorts,White,Linen,S,Summer,Formal,0,Anti-chafing,missing,missing,missing,missing,missing,missing,0.0,missing,0
4,23.8,24.8,7.5,-1.0,missing,80,T-shirt,74,Shorts,1.0491351890133302,T-shirt,White,Linen,L,Summer,Casual,1,Insulated,Shorts,White,Polyester,XL,Winter,Formal,0,Waterproof,missing,missing,missing,missing,missing,missing,0.0,missing,0
4,23.8,24.8,7.5,-1.0,missing,80,T-shirt,77,Shorts,1.0430237328333285,T-shirt,White,Linen,L,Summer,Casual,1,Insulated,Shorts,White,Wool,L,Winter,Casual,0,,missing,missing,missing,missing,missing,missing,0.0,missing,0
4,23.8,24.8,7.5,-1.0,missing,65,T-shirt,76,Skirt,1.0251905720344403,T-shirt,Green,Jeans,XS,Summer,Formal,0,Non-restrictive,Skirt,Green,Leather,XS,Spring/Autumn,Formal,0,,missing,missing,missing,missing,missing,missing,0.0,missing,0
4,23.8,24.8,7.5,-1.0,missing,65,T-shirt,73,Skirt,1.0242463001244413,T-shirt,Green,Jeans,XS,Summer,Formal,0,Non-restrictive,Skirt,Green,Linen,XXL,Winter,Casual,0,Windproof,missing,missing,missing,missing,missing,missing,0.0,missing,0
5,21.4,17.5,19.5,-1.0,missing,87,Blazer,96,Trousers,1.596936968020511,Blazer,Gray,Wool,XL,Summer,Formal,1,Non-restrictive,Trousers,Gray,Wool,XS,All-year,Evening,1,,missing,missing,missing,missing,missing,missing,0.0,missing,0
5,21.4,17.5,19.5,-1.0,missing,87,Blazer,98,Trousers,1.1843905279455105,Blazer,Gray,Wool,XL,Summer,Formal,1,Non-restrictive,Trousers,Red,Polyester,L,Spring/Autumn,Casual,1,,missing,missing,missing,missing,missing,missing,0.0,missing,0
5,21.4,17.5,19.5,-1.0,missing,87,Blazer,94,Skirt,1.1503631815038458,Blazer,Gray,Wool,XL,Summer,Formal,1,Non-restrictive,Skirt,Blue,Linen,XL,Spring/Autumn,Sporty,0,Insulated,missing,missing,missing,missing,missing,missing,0.0,missing,0
5,21.4,17.5,19.5,-1.0,missing,107,Sweater,96,Trousers,1.149479238547432,Sweater,Blue,Leather,XL,Spring/Autumn,Formal,1,,Trousers,Gray,Wool,XS,All-year,Evening,1,,missing,missing,missing,missing,missing,missing,0.0,missing,0
5,21.4,17.5,19.5,-1.0,missing,108,Shirt,98,Trousers,1.0047537094493562,Shirt,Red,Polyester,S,Winter,Formal,0,Windproof,Trousers,Red,Polyester,L,Spring/Autumn,Casual,1,,missing,missing,missing,missing,missing,missing,0.0,missing,0
6,16.8,63.2,19.4,114.0,Jacket,113,Sweatshirt,123,Shorts,2.3270739590511105,Sweatshirt,Gray,Polyester,M,Summer,Casual,0,Waterproof,Shorts,Gray,Jeans,S,Spring/Autumn,Sporty,0,Waterproof,Jacket,White,Polyester,XS,Spring/Autumn,Evening,0.0,Waterproof,1
6,16.8,63.2,19.4,114.0,Jacket,110,Sweater,123,Shorts,2.3204072923844437,Sweater,White,Leather,XL,Winter,Formal,1,Non-restrictive,Shorts,Gray,Jeans,S,Spring/Autumn,Sporty,0,Waterproof,Jacket,White,Polyester,XS,Spring/Autumn,Evening,0.0,Waterproof,1
6,16.8,63.2,19.4,114.0,Jacket,110,Sweater,126,Shorts,2.311518403495555,Sweater,White,Leather,XL,Winter,Formal,1,Non-restrictive,Shorts,Beige,Cotton,XS,All-year,Formal,0,Quick-drying,Jacket,White,Polyester,XS,Spring/Autumn,Evening,0.0,Waterproof,1
6,16.8,63.2,19.4,114.0,Jacket,110,Sweater,132,Skirt,2.311518403495555,Sweater,White,Leather,XL,Winter,Formal,1,Non-restrictive,Skirt,Beige,Cotton,M,All-year,Sporty,0,Quick-drying,Jacket,White,Polyester,XS,Spring/Autumn,Evening,0.0,Waterproof,1
6,16.8,63.2,19.4,114.0,Jacket,110,Sweater,122,Trousers,2.308555440532592,Sweater,White,Leather,XL,Winter,Formal,1,Non-restrictive,Trousers,Red,Cotton,XS,All-year,Casual,1,Non-restrictive,Jacket,White,Polyester,XS,Spring/Autumn,Evening,0.0,Waterproof,1
7,28.1,44.1,19.6,-1.0,missing,153,T-shirt,146,Shorts,3.291388765649999,T-shirt,Blue,Linen,L,Winter,Sporty,0,Quick-drying,Shorts,White,Cotton,XS,Summer,Sporty,0,Breathable,missing,missing,missing,missing,missing,missing,0.0,missing,0
7,28.1,44.1,19.6,-1.0,missing,153,T-shirt,144,Shorts,3.122817337078571,T-shirt,Blue,Linen,L,Winter,Sporty,0,Quick-drying,Shorts,Blue,Jeans,S,Winter,Evening,0,Waterproof,missing,missing,missing,missing,missing,missing,0.0,missing,0
7,28.1,44.1,19.6,-1.0,missing,148,Sweatshirt,146,Shorts,2.976388765649999,Sweatshirt,Beige,Leather,XS,Spring/Autumn,Formal,1,Quick-drying,Shorts,White,Cotton,XS,Summer,Sporty,0,Breathable,missing,missing,missing,missing,missing,missing,0.0,missing,0
7,28.1,44.1,19.6,-1.0,missing,150,Sweatshirt,146,Shorts,2.691388765649999,Sweatshirt,Gray,Polyester,S,Summer,Sporty,0,Breathable,Shorts,White,Cotton,XS,Summer,Sporty,0,Breathable,missing,missing,missing,missing,missing,missing,0.0,missing,0
7,28.1,44.1,19.6,-1.0,missing,135,Blazer,146,Shorts,2.686978935593749,Blazer,Red,Leather,XXL,Winter,Formal,0,Quick-drying,Shorts,White,Cotton,XS,Summer,Sporty,0,Breathable,missing,missing,missing,missing,missing,missing,0.0,missing,0
8,23.1,41.6,6.6,-1.0,missing,159,Blazer,167,Skirt,1.3668328157299974,Blazer,Green,Polyester,XXL,Spring/Autumn,Formal,1,Insulated,Skirt,Green,Jeans,M,All-year,Evening,1,,missing,missing,missing,missing,missing,missing,0.0,missing,0
8,23.1,41.6,6.6,-1.0,missing,157,Blazer,171,Skirt,1.3628328157299974,Blazer,Beige,Polyester,XS,Spring/Autumn,Sporty,0,Breathable,Skirt,Beige,Wool,S,Winter,Sporty,0,Quick-drying,missing,missing,missing,missing,missing,missing,0.0,missing,0
8,23.1,41.6,6.6,-1.0,missing,159,Blazer,168,Trousers,1.344944271909999,Blazer,Green,Polyester,XXL,Spring/Autumn,Formal,1,Insulated,Trousers,Green,Cotton,XL,Summer,Formal,1,Windproof,missing,missing,missing,missing,missing,missing,0.0,missing,0
8,23.1,41.6,6.6,-1.0,missing,160,T-shirt,171,Skirt,1.3388328157299971,T-shirt,Beige,Leather,XS,Summer,Casual,0,Insulated,Skirt,Beige,Wool,S,Winter,Sporty,0,Quick-drying,missing,missing,missing,missing,missing,missing,0.0,missing,0
8,23.1,41.6,6.6,-1.0,missing,159,Blazer,169,Trousers,1.2418885438199985,Blazer,Green,Polyester,XXL,Spring/Autumn,Formal,1,Insulated,Trousers,White,Jeans,M,All-year,Formal,0,Quick-drying,missing,missing,missing,missing,missing,missing,0.0,missing,0
9,-1.9,43.8,22.4,187.0,Jacket,172,Sweatshirt,182,Trousers,5.929876159799998,Sweatshirt,Black,Leather,XS,Summer,Sporty,0,Non-restrictive,Trousers,Green,Cotton,XS,Winter,Formal,1,Quick-drying,Jacket,Black,Leather,XS,Winter,Casual,0.0,Waterproof,1
9,-1.9,43.8,22.4,187.0,Jacket,175,T-shirt,182,Trousers,5.724845199749998,T-shirt,Red,Linen,XL,Winter,Casual,0,Non-restrictive,Trousers,Green,Cotton,XS,Winter,Formal,1,Quick-drying,Jacket,Black,Leather,XS,Winter,Casual,0.0,Waterproof,1
9,-1.9,43.8,22.4,178.0,Jacket,175,T-shirt,182,Trousers,5.7054936354555545,T-shirt,Red,Linen,XL,Winter,Casual,0,Non-restrictive,Trousers,Green,Cotton,XS,Winter,Formal,1,Quick-drying,Jacket,Blue,Polyester,S,All-year,Sporty,0.0,Quick-drying,1
9,-1.9,43.8,22.4,178.0,Jacket,172,Sweatshirt,182,Trousers,5.700524595505555,Sweatshirt,Black,Leather,XS,Summer,Sporty,0,Non-restrictive,Trousers,Green,Cotton,XS,Winter,Formal,1,Quick-drying,Jacket,Blue,Polyester,S,All-year,Sporty,0.0,Quick-drying,1
9,-1.9,43.8,22.4,180.0,Jacket,172,Sweatshirt,182,Trousers,5.631511866416664,Sweatshirt,Black,Leather,XS,Summer,Sporty,0,Non-restrictive,Trousers,Green,Cotton,XS,Winter,Formal,1,Quick-drying,Jacket,Black,Jeans,L,Spring/Autumn,Casual,1.0,missing,1
10,-3.1,60.5,4.0,197.0,Jacket,192,T-shirt,202,Trousers,6.920555210486666,T-shirt,White,Jeans,M,Summer,Sporty,0,Waterproof,Trousers,Beige,Cotton,XXL,All-year,Evening,0,Quick-drying,Jacket,Gray,Wool,XL,Summer,Sporty,0.0,missing,1
10,-3.1,60.5,4.0,197.0,Jacket,194,T-shirt,202,Trousers,6.915221877153332,T-shirt,Black,Cotton,M,All-year,Formal,0,Quick-drying,Trousers,Beige,Cotton,XXL,All-year,Evening,0,Quick-drying,Jacket,Gray,Wool,XL,Summer,Sporty,0.0,missing,1
10,-3.1,60.5,4.0,197.0,Jacket,191,Blazer,202,Trousers,6.904555210486666,Blazer,White,Polyester,L,All-year,Evening,0,Quick-drying,Trousers,Beige,Cotton,XXL,All-year,Evening,0,Quick-drying,Jacket,Gray,Wool,XL,Summer,Sporty,0.0,missing,1
10,-3.1,60.5,4.0,197.0,Jacket,195,T-shirt,202,Trousers,6.5252218771533315,T-shirt,Gray,Jeans,S,Spring/Autumn,Sporty,0,Windproof,Trousers,Beige,Cotton,XXL,All-year,Evening,0,Quick-drying,Jacket,Gray,Wool,XL,Summer,Sporty,0.0,missing,1
10,-3.1,60.5,4.0,197.0,Jacket,193,Shirt,202,Trousers,6.299221877153332,Shirt,Green,Cotton,XS,Spring/Autumn,Casual,0,Anti-chafing,Trousers,Beige,Cotton,XXL,All-year,Evening,0,Quick-drying,Jacket,Gray,Wool,XL,Summer,Sporty,0.0,missing,1
11,17.5,20.1,21.3,212.0,Coat,224,T-shirt,222,Skirt,1.5043070891738062,T-shirt,Black,Wool,S,Spring/Autumn,Sporty,1,Insulated,Skirt,Blue,Leather,S,Winter,Formal,1,,Coat,Green,Leather,M,Spring/Autumn,Formal,1.0,Non-restrictive,1
11,17.5,20.1,21.3,212.0,Coat,224,T-shirt,219,Skirt,1.5016841116460309,T-shirt,Black,Wool,S,Spring/Autumn,Sporty,1,Insulated,Skirt,Red,Jeans,XL,Winter,Sporty,1,Windproof,Coat,Green,Leather,M,Spring/Autumn,Formal,1.0,Non-restrictive,1
11,17.5,20.1,21.3,212.0,Coat,224,T-shirt,220,Shorts,1.4883507783126977,T-shirt,Black,Wool,S,Spring/Autumn,Sporty,1,Insulated,Shorts,Red,Leather,XS,All-year,Casual,1,Waterproof,Coat,Green,Leather,M,Spring/Autumn,Formal,1.0,Non-restrictive,1
11,17.5,20.1,21.3,212.0,Coat,223,Blazer,222,Skirt,1.4409737558404727,Blazer,Green,Cotton,S,Spring/Autumn,Casual,0,Anti-chafing,Skirt,Blue,Leather,S,Winter,Formal,1,,Coat,Green,Leather,M,Spring/Autumn,Formal,1.0,Non-restrictive,1
11,17.5,20.1,21.3,212.0,Coat,223,Blazer,219,Skirt,1.4383507783126972,Blazer,Green,Cotton,S,Spring/Autumn,Casual,0,Anti-chafing,Skirt,Red,Jeans,XL,Winter,Sporty,1,Windproof,Coat,Green,Leather,M,Spring/Autumn,Formal,1.0,Non-restrictive,1
12,-3.7,30.2,25.5,234.0,Jacket,228,Shirt,247,Trousers,6.744428101747218,Shirt,Black,Wool,XL,Winter,Sporty,0,Quick-drying,Trousers,Red,Jeans,XXL,Summer,Casual,0,,Jacket,White,Polyester,XXL,Summer,Formal,0.0,Windproof,1
12,-3.7,30.2,25.5,235.0,Jacket,228,Shirt,247,Trousers,6.523154881709717,Shirt,Black,Wool,XL,Winter,Sporty,0,Quick-drying,Trousers,Red,Jeans,XXL,Summer,Casual,0,,Jacket,Black,Jeans,XL,Spring/Autumn,Evening,0.0,Quick-drying,1
12,-3.7,30.2,25.5,233.0,Jacket,228,Shirt,247,Trousers,6.3053078751555525,Shirt,Black,Wool,XL,Winter,Sporty,0,Quick-drying,Trousers,Red,Jeans,XXL,Summer,Casual,0,,Jacket,Red,Linen,S,Spring/Autumn,Sporty,0.0,Quick-drying,1
12,-3.7,30.2,25.5,234.0,Jacket,243,Shirt,247,Trousers,6.3053078751555525,Shirt,Beige,Linen,M,Spring/Autumn,Evening,0,Insulated,Trousers,Red,Jeans,XXL,Summer,Casual,0,,Jacket,White,Polyester,XXL,Summer,Formal,0.0,Windproof,1
12,-3.7,30.2,25.5,234.0,Jacket,227,Sweatshirt,247,Trousers,6.3019745418222195,Sweatshirt,Beige,Leather,M,Summer,Formal,0,Non-restrictive,Trousers,Red,Jeans,XXL,Summer,Casual,0,,Jacket,White,Polyester,XXL,Summer,Formal,0.0,Windproof,1
13,1.6,39.9,2.9,260.0,Jacket,251,Sweatshirt,261,Trousers,6.300000000000001,Sweatshirt,Red,Cotton,S,Spring/Autumn,Evening,1,Insulated,Trousers,Black,Wool,XXL,Summer,Evening,0,Windproof,Jacket,Green,Leather,XL,All-year,Evening,0.0,Waterproof,1
13,1.6,39.9,2.9,257.0,Jacket,251,Sweatshirt,261,Trousers,6.226,Sweatshirt,Red,Cotton,S,Spring/Autumn,Evening,1,Insulated,Trousers,Black,Wool,XXL,Summer,Evening,0,Windproof,Jacket,Red,Jeans,S,Winter,Formal,0.0,Non-restrictive,1
13,1.6,39.9,2.9,258.0,Coat,251,Sweatshirt,261,Trousers,6.21,Sweatshirt,Red,Cotton,S,Spring/Autumn,Evening,1,Insulated,Trousers,Black,Wool,XXL,Summer,Evening,0,Windproof,Coat,Red,Polyester,XXL,All-year,Formal,0.0,Non-restrictive,1
13,1.6,39.9,2.9,260.0,Jacket,255,Sweater,261,Trousers,6.004444444444444,Sweater,Gray,Cotton,XS,Winter,Evening,1,Waterproof,Trousers,Black,Wool,XXL,Summer,Evening,0,Windproof,Jacket,Green,Leather,XL,All-year,Evening,0.0,Waterproof,1
13,1.6,39.9,2.9,260.0,Jacket,252,Shirt,261,Trousers,5.8438888888888885,Shirt,White,Cotton,XS,Summer,Formal,0,Quick-drying,Trousers,Black,Wool,XXL,Summer,Evening,0,Windproof,Jacket,Green,Leather,XL,All-year,Evening,0.0,Waterproof,1
14,14.8,63.3,3.3,275.0,Coat,268,Shirt,279,Trousers,4.447129342072221,Shirt,Red,Jeans,S,Spring/Autumn,Formal,1,Non-restrictive,Trousers,Red,Leather,S,Spring/Autumn,Sporty,0,Waterproof,Coat,Green,Leather,L,Summer,Casual,1.0,Quick-drying,1
14,14.8,63.3,3.3,275.0,Coat,270,Sweater,279,Trousers,4.428826968788888,Sweater,Red,Polyester,XXL,Summer,Sporty,0,Quick-drying,Trousers,Red,Leather,S,Spring/Autumn,Sporty,0,Waterproof,Coat,Green,Leather,L,Summer,Casual,1.0,Quick-drying,1
14,14.8,63.3,3.3,272.0,Jacket,268,Shirt,279,Trousers,4.132746817727778,Shirt,Red,Jeans,S,Spring/Autumn,Formal,1,Non-restrictive,Trousers,Red,Leather,S,Spring/Autumn,Sporty,0,Waterproof,Jacket,Green,Wool,S,All-year,Formal,0.0,Waterproof,1
14,14.8,63.3,3.3,272.0,Jacket,270,Sweater,279,Trousers,4.114444444444445,Sweater,Red,Polyester,XXL,Summer,Sporty,0,Quick-drying,Trousers,Red,Leather,S,Spring/Autumn,Sporty,0,Waterproof,Jacket,Green,Wool,S,All-year,Formal,0.0,Waterproof,1
14,14.8,63.3,3.3,283.0,Coat,268,Shirt,279,Trousers,3.8421603021222217,Shirt,Red,Jeans,S,Spring/Autumn,Formal,1,Non-restrictive,Trousers,Red,Leather,S,Spring/Autumn,Sporty,0,Waterproof,Coat,Green,Jeans,S,Summer,Sporty,1.0,Windproof,1
15,24.0,64.9,23.9,-1.0,missing,306,Sweater,302,Skirt,2.057777531299999,Sweater,Black,Wool,XL,Spring/Autumn,Formal,0,Quick-drying,Skirt,White,Polyester,XL,Winter,Evening,1,Quick-drying,missing,missing,missing,missing,missing,missing,0.0,missing,0
15,24.0,64.9,23.9,-1.0,missing,306,Sweater,295,Skirt,1.6306346741571416,Sweater,Black,Wool,XL,Spring/Autumn,Formal,0,Quick-drying,Skirt,Black,Leather,L,Spring/Autumn,Sporty,0,Non-restrictive,missing,missing,missing,missing,missing,missing,0.0,missing,0
15,24.0,64.9,23.9,-1.0,missing,287,Sweater,302,Skirt,1.6233677012437482,Sweater,White,Cotton,XS,Spring/Autumn,Casual,0,Anti-chafing,Skirt,White,Polyester,XL,Winter,Evening,1,Quick-drying,missing,missing,missing,missing,missing,missing,0.0,missing,0
15,24.0,64.9,23.9,-1.0,missing,306,Sweater,296,Trousers,1.2055948683785698,Sweater,Black,Wool,XL,Spring/Autumn,Formal,0,Quick-drying,Trousers,Gray,Polyester,L,All-year,Sporty,0,Non-restrictive,missing,missing,missing,missing,missing,missing,0.0,missing,0
15,24.0,64.9,23.9,-1.0,missing,306,Sweater,305,Trousers,1.1955152568214256,Sweater,Black,Wool,XL,Spring/Autumn,Formal,0,Quick-drying,Trousers,Beige,Polyester,S,Summer,Casual,1,,missing,missing,missing,missing,missing,missing,0.0,missing,0
16,5.1,40.0,11.0,317.0,Jacket,309,Sweater,322,Trousers,3.5777027835199955,Sweater,Gray,Leather,M,Spring/Autumn,Sporty,0,Waterproof,Trousers,Green,Linen,XXL,Winter,Formal,0,,Jacket,Gray,Polyester,L,Winter,Formal,0.0,Waterproof,1
16,5.1,40.0,11.0,317.0,Jacket,313,Shirt,322,Trousers,3.350443754306663,Shirt,Beige,Leather,XXL,Spring/Autumn,Evening,0,Quick-drying,Trousers,Green,Linen,XXL,Winter,Formal,0,,Jacket,Gray,Polyester,L,Winter,Formal,0.0,Waterproof,1
16,5.1,40.0,11.0,318.0,Coat,309,Sweater,322,Trousers,3.2830361168533293,Sweater,Gray,Leather,M,Spring/Autumn,Sporty,0,Waterproof,Trousers,Green,Linen,XXL,Winter,Formal,0,,Coat,Gray,Linen,XXL,Spring/Autumn,Formal,1.0,Anti-chafing,1
16,5.1,40.0,11.0,317.0,Jacket,311,T-shirt,322,Trousers,3.0564066022466627,T-shirt,Beige,Leather,S,All-year,Formal,0,Non-restrictive,Trousers,Green,Linen,XXL,Winter,Formal,0,,Jacket,Gray,Polyester,L,Winter,Formal,0.0,Waterproof,1
16,5.1,40.0,11.0,318.0,Coat,313,Shirt,322,Trousers,3.055777087639997,Shirt,Beige,Leather,XXL,Spring/Autumn,Evening,0,Quick-drying,Trousers,Green,Linen,XXL,Winter,Formal,0,,Coat,Gray,Linen,XXL,Spring/Autumn,Formal,1.0,Anti-chafing,1
17,-1.3,31.4,5.5,329.0,Coat,325,Sweater,338,Trousers,8.565592362546665,Sweater,Blue,Wool,L,Winter,Sporty,1,Waterproof,Trousers,Gray,Wool,L,Summer,Evening,0,,Coat,Black,Wool,S,Winter,Evening,0.0,Waterproof,1
17,-1.3,31.4,5.5,329.0,Coat,326,T-shirt,338,Trousers,8.319259029213331,T-shirt,Gray,Wool,XXL,Spring/Autumn,Casual,0,Quick-drying,Trousers,Gray,Wool,L,Summer,Evening,0,,Coat,Black,Wool,S,Winter,Evening,0.0,Waterproof,1
17,-1.3,31.4,5.5,329.0,Coat,324,Shirt,338,Trousers,8.098592362546666,Shirt,Green,Polyester,XS,Summer,Formal,1,Insulated,Trousers,Gray,Wool,L,Summer,Evening,0,,Coat,Black,Wool,S,Winter,Evening,0.0,Waterproof,1
17,-1.3,31.4,5.5,329.0,Coat,327,Sweater,338,Trousers,7.735259029213332,Sweater,Black,Jeans,S,Summer,Sporty,0,Waterproof,Trousers,Gray,Wool,L,Summer,Evening,0,,Coat,Black,Wool,S,Winter,Evening,0.0,Waterproof,1
17,-1.3,31.4,5.5,329.0,Coat,328,T-shirt,338,Trousers,7.525259029213332,T-shirt,Beige,Linen,XXL,Summer,Sporty,0,Waterproof,Trousers,Gray,Wool,L,Summer,Evening,0,,Coat,Black,Wool,S,Winter,Evening,0.0,Waterproof,1
18,-0.5,93.3,12.3,345.0,Coat,342,Shirt,361,Trousers,8.701656742341024,Shirt,Gray,Wool,XL,Winter,Formal,0,Waterproof,Trousers,Black,Jeans,L,Winter,Evening,0,,Coat,Red,Wool,XL,Spring/Autumn,Evening,0.0,Waterproof,1
18,-0.5,93.3,12.3,345.0,Coat,360,Shirt,361,Trousers,8.111913152597435,Shirt,Beige,Cotton,XS,Spring/Autumn,Sporty,0,Waterproof,Trousers,Black,Jeans,L,Winter,Evening,0,,Coat,Red,Wool,XL,Spring/Autumn,Evening,0.0,Waterproof,1
18,-0.5,93.3,12.3,345.0,Coat,358,Shirt,361,Trousers,8.009363339287177,Shirt,Black,Leather,L,Spring/Autumn,Sporty,1,Breathable,Trousers,Black,Jeans,L,Winter,Evening,0,,Coat,Red,Wool,XL,Spring/Autumn,Evening,0.0,Waterproof,1
18,-0.5,93.3,12.3,345.0,Coat,343,Shirt,361,Trousers,7.809861870546151,Shirt,Beige,Leather,XS,Summer,Casual,1,Anti-chafing,Trousers,Black,Jeans,L,Winter,Evening,0,,Coat,Red,Wool,XL,Spring/Autumn,Evening,0.0,Waterproof,1
18,-0.5,93.3,12.3,345.0,Coat,356,Sweater,361,Trousers,7.801656742341024,Sweater,Beige,Cotton,XS,Winter,Sporty,0,Insulated,Trousers,Black,Jeans,L,Winter,Evening,0,,Coat,Red,Wool,XL,Spring/Autumn,Evening,0.0,Waterproof,1
19,1.6,4.8,26.2,370.0,Coat,367,Sweatshirt,375,Trousers,7.81611076604222,Sweatshirt,Green,Jeans,M,Summer,Casual,0,Windproof,Trousers,Gray,Wool,S,Summer,Formal,0,,Coat,White,Linen,M,Spring/Autumn,Evening,1.0,Windproof,1
19,1.6,4.8,26.2,373.0,Jacket,367,Sweatshirt,375,Trousers,7.81611076604222,Sweatshirt,Green,Jeans,M,Summer,Casual,0,Windproof,Trousers,Gray,Wool,S,Summer,Formal,0,,Jacket,Red,Cotton,XXL,Winter,Casual,1.0,Insulated,1
19,1.6,4.8,26.2,371.0,Coat,367,Sweatshirt,375,Trousers,7.51611076604222,Sweatshirt,Green,Jeans,M,Summer,Casual,0,Windproof,Trousers,Gray,Wool,S,Summer,Formal,0,,Coat,Black,Leather,XXL,All-year,Sporty,0.0,Insulated,1
19,1.6,4.8,26.2,370.0,Coat,364,Blazer,375,Trousers,7.42611076604222,Blazer,Gray,Jeans,XXL,All-year,Sporty,0,Windproof,Trousers,Gray,Wool,S,Summer,Formal,0,,Coat,White,Linen,M,Spring/Autumn,Evening,1.0,Windproof,1
19,1.6,4.8,26.2,373.0,Jacket,364,Blazer,375,Trousers,7.42611076604222,Blazer,Gray,Jeans,XXL,All-year,Sporty,0,Windproof,Trousers,Gray,Wool,S,Summer,Formal,0,,Jacket,Red,Cotton,XXL,Winter,Casual,1.0,Insulated,1
21,5.3,58.1,24.6,400.0,Jacket,412,Shirt,411,Trousers,3.743033071517458,Shirt,Beige,Wool,XL,All-year,Sporty,0,,Trousers,Beige,Jeans,S,Winter,Evening,0,Quick-drying,Jacket,Beige,Cotton,XS,Spring/Autumn,Casual,0.0,Quick-drying,1
21,5.3,58.1,24.6,400.0,Jacket,395,T-shirt,411,Trousers,3.7319219604063463,T-shirt,Beige,Jeans,S,Spring/Autumn,Evening,0,,Trousers,Beige,Jeans,S,Winter,Evening,0,Quick-drying,Jacket,Beige,Cotton,XS,Spring/Autumn,Casual,0.0,Quick-drying,1
21,5.3,58.1,24.6,400.0,Jacket,399,Sweater,411,Trousers,3.62022433368968,Sweater,White,Polyester,XL,Spring/Autumn,Sporty,0,Non-restrictive,Trousers,Beige,Jeans,S,Winter,Evening,0,Quick-drying,Jacket,Beige,Cotton,XS,Spring/Autumn,Casual,0.0,Quick-drying,1
21,5.3,58.1,24.6,400.0,Jacket,398,Sweater,411,Trousers,3.6196997381841247,Sweater,Blue,Wool,XS,Summer,Evening,1,Anti-chafing,Trousers,Beige,Jeans,S,Winter,Evening,0,Quick-drying,Jacket,Beige,Cotton,XS,Spring/Autumn,Casual,0.0,Quick-drying,1
21,5.3,58.1,24.6,400.0,Jacket,398,Sweater,408,Trousers,3.5334265181466247,Sweater,Blue,Wool,XS,Summer,Evening,1,Anti-chafing,Trousers,Blue,Linen,XS,Winter,Evening,0,Non-restrictive,Jacket,Beige,Cotton,XS,Spring/Autumn,Casual,0.0,Quick-drying,1
22,2.9,86.1,23.1,422.0,Jacket,441,Blazer,433,Trousers,5.8800740740740745,Blazer,Blue,Linen,XS,Summer,Casual,0,Insulated,Trousers,Blue,Jeans,M,All-year,Formal,0,Quick-drying,Jacket,Black,Jeans,XS,Summer,Sporty,0.0,Insulated,1
22,2.9,86.1,23.1,424.0,Jacket,441,Blazer,433,Trousers,5.874740740740741,Blazer,Blue,Linen,XS,Summer,Casual,0,Insulated,Trousers,Blue,Jeans,M,All-year,Formal,0,Quick-drying,Jacket,White,Leather,L,All-year,Formal,1.0,Windproof,1
22,2.9,86.1,23.1,422.0,Jacket,441,Blazer,431,Trousers,5.818800854036573,Blazer,Blue,Linen,XS,Summer,Casual,0,Insulated,Trousers,Gray,Jeans,L,Summer,Evening,0,Windproof,Jacket,Black,Jeans,XS,Summer,Sporty,0.0,Insulated,1
22,2.9,86.1,23.1,424.0,Jacket,441,Blazer,431,Trousers,5.81346752070324,Blazer,Blue,Linen,XS,Summer,Casual,0,Insulated,Trousers,Gray,Jeans,L,Summer,Evening,0,Windproof,Jacket,White,Leather,L,All-year,Formal,1.0,Windproof,1
22,2.9,86.1,23.1,422.0,Jacket,421,Shirt,431,Trousers,5.6148913251143515,Shirt,Gray,Wool,L,Spring/Autumn,Formal,0,Anti-chafing,Trousers,Gray,Jeans,L,Summer,Evening,0,Windproof,Jacket,Black,Jeans,XS,Summer,Sporty,0.0,Insulated,1
23,-2.6,61.5,23.7,448.0,Jacket,459,Sweatshirt,452,Trousers,7.430814584768887,Sweatshirt,Black,Leather,M,All-year,Evening,0,Insulated,Trousers,Black,Wool,XXL,Winter,Casual,0,Anti-chafing,Jacket,Blue,Wool,L,Winter,Casual,0.0,Anti-chafing,1
23,-2.6,61.5,23.7,448.0,Jacket,458,Sweater,452,Trousers,7.217481251435554,Sweater,Beige,Linen,S,Winter,Formal,0,Insulated,Trousers,Black,Wool,XXL,Winter,Casual,0,Anti-chafing,Jacket,Blue,Wool,L,Winter,Casual,0.0,Anti-chafing,1
23,-2.6,61.5,23.7,448.0,Jacket,443,Sweatshirt,452,Trousers,7.052481251435554,Sweatshirt,Gray,Linen,XXL,All-year,Sporty,0,Waterproof,Trousers,Black,Wool,XXL,Winter,Casual,0,Anti-chafing,Jacket,Blue,Wool,L,Winter,Casual,0.0,Anti-chafing,1
23,-2.6,61.5,23.7,448.0,Jacket,460,Sweater,452,Trousers,6.914147918102222,Sweater,Red,Polyester,M,All-year,Casual,1,Non-restrictive,Trousers,Black,Wool,XXL,Winter,Casual,0,Anti-chafing,Jacket,Blue,Wool,L,Winter,Casual,0.0,Anti-chafing,1
23,-2.6,61.5,23.7,448.0,Jacket,446,Sweatshirt,452,Trousers,6.8341479181022216,Sweatshirt,Black,Polyester,M,All-year,Casual,0,Non-restrictive,Trousers,Black,Wool,XXL,Winter,Casual,0,Anti-chafing,Jacket,Blue,Wool,L,Winter,Casual,0.0,Anti-chafing,1
25,25.6,94.0,5.0,-1.0,missing,486,T-shirt,499,Skirt,3.7266754370783306,T-shirt,Green,Polyester,M,Winter,Casual,0,Breathable,Skirt,Green,Leather,L,Spring/Autumn,Casual,0,Quick-drying,missing,missing,missing,missing,missing,missing,0.0,missing,0
25,25.6,94.0,5.0,-1.0,missing,486,T-shirt,495,Shorts,3.5967868932583325,T-shirt,Green,Polyester,M,Winter,Casual,0,Breathable,Shorts,Black,Jeans,XL,Winter,Sporty,1,Waterproof,missing,missing,missing,missing,missing,missing,0.0,missing,0
25,25.6,94.0,5.0,-1.0,missing,500,Shirt,495,Shorts,3.0109071198499984,Shirt,Beige,Cotton,S,Winter,Formal,0,Breathable,Shorts,Black,Jeans,XL,Winter,Sporty,1,Waterproof,missing,missing,missing,missing,missing,missing,0.0,missing,0
25,25.6,94.0,5.0,-1.0,missing,486,T-shirt,496,Trousers,2.725508252808328,T-shirt,Green,Polyester,M,Winter,Casual,0,Breathable,Trousers,Gray,Leather,L,Winter,Casual,0,,missing,missing,missing,missing,missing,missing,0.0,missing,0
25,25.6,94.0,5.0,-1.0,missing,500,Shirt,499,Skirt,2.7207956636699966,Shirt,Beige,Cotton,S,Winter,Formal,0,Breathable,Skirt,Green,Leather,L,Spring/Autumn,Casual,0,Quick-drying,missing,missing,missing,missing,missing,missing,0.0,missing,0
26,12.6,98.5,15.6,509.0,Coat,503,Sweater,517,Trousers,5.31409870106976,Sweater,Beige,Polyester,S,Spring/Autumn,Evening,0,Waterproof,Trousers,Beige,Polyester,XL,Summer,Sporty,0,Insulated,Coat,Gray,Jeans,L,Summer,Sporty,0.0,Waterproof,1
26,12.6,98.5,15.6,511.0,Coat,503,Sweater,517,Trousers,5.301770823060237,Sweater,Beige,Polyester,S,Spring/Autumn,Evening,0,Waterproof,Trousers,Beige,Polyester,XL,Summer,Sporty,0,Insulated,Coat,Red,Cotton,XS,All-year,Casual,0.0,Waterproof,1
26,12.6,98.5,15.6,509.0,Coat,504,Shirt,517,Trousers,4.809432034403092,Shirt,Black,Leather,L,Winter,Sporty,0,Non-restrictive,Trousers,Beige,Polyester,XL,Summer,Sporty,0,Insulated,Coat,Gray,Jeans,L,Summer,Sporty,0.0,Waterproof,1
26,12.6,98.5,15.6,509.0,Coat,503,Sweater,513,Trousers,4.804098701069759,Sweater,Beige,Polyester,S,Spring/Autumn,Evening,0,Waterproof,Trousers,Green,Linen,XS,Spring/Autumn,Casual,1,Insulated,Coat,Gray,Jeans,L,Summer,Sporty,0.0,Waterproof,1
26,12.6,98.5,15.6,511.0,Coat,504,Shirt,517,Trousers,4.797104156393569,Shirt,Black,Leather,L,Winter,Sporty,0,Non-restrictive,Trousers,Beige,Polyester,XL,Summer,Sporty,0,Insulated,Coat,Red,Cotton,XS,All-year,Casual,0.0,Waterproof,1
27,22.9,46.4,24.7,-1.0,missing,529,Sweater,537,Shorts,1.9530437298687489,Sweater,Red,Jeans,L,Spring/Autumn,Casual,0,Quick-drying,Shorts,Red,Linen,S,Spring/Autumn,Formal,1,Non-restrictive,missing,missing,missing,missing,missing,missing,0.0,missing,0
27,22.9,46.4,24.7,-1.0,missing,529,Sweater,541,Shorts,1.523633899812498,Sweater,Red,Jeans,L,Spring/Autumn,Casual,0,Quick-drying,Shorts,Beige,Linen,M,All-year,Casual,0,Quick-drying,missing,missing,missing,missing,missing,missing,0.0,missing,0
27,22.9,46.4,24.7,-1.0,missing,529,Sweater,542,Skirt,1.512453559924999,Sweater,Red,Jeans,L,Spring/Autumn,Casual,0,Quick-drying,Skirt,Gray,Linen,XS,All-year,Sporty,0,Waterproof,missing,missing,missing,missing,missing,missing,0.0,missing,0
27,22.9,46.4,24.7,-1.0,missing,528,Sweater,537,Shorts,1.3663770632020822,Sweater,Red,Jeans,S,All-year,Casual,0,Breathable,Shorts,Red,Linen,S,Spring/Autumn,Formal,1,Non-restrictive,missing,missing,missing,missing,missing,missing,0.0,missing,0
27,22.9,46.4,24.7,-1.0,missing,531,Sweater,537,Shorts,1.3538306231270814,Sweater,Red,Polyester,L,All-year,Formal,0,Windproof,Shorts,Red,Linen,S,Spring/Autumn,Formal,1,Non-restrictive,missing,missing,missing,missing,missing,missing,0.0,missing,0
28,20.6,70.0,28.6,-1.0,missing,551,Sweatshirt,558,Trousers,2.8000655781409085,Sweatshirt,Blue,Leather,M,Summer,Formal,0,Windproof,Trousers,Blue,Cotton,XS,Summer,Sporty,0,Quick-drying,missing,missing,missing,missing,missing,missing,0.0,missing,0
28,20.6,70.0,28.6,-1.0,missing,551,Sweatshirt,557,Skirt,2.6880655781409084,Sweatshirt,Blue,Leather,M,Summer,Formal,0,Windproof,Skirt,Green,Polyester,L,Summer,Formal,0,Windproof,missing,missing,missing,missing,missing,missing,0.0,missing,0
28,20.6,70.0,28.6,-1.0,missing,551,Sweatshirt,561,Skirt,2.4040655781409086,Sweatshirt,Blue,Leather,M,Summer,Formal,0,Windproof,Skirt,Black,Cotton,S,Winter,Casual,1,Non-restrictive,missing,missing,missing,missing,missing,missing,0.0,missing,0
28,20.6,70.0,28.6,-1.0,missing,551,Sweatshirt,560,Skirt,2.3960655781409086,Sweatshirt,Blue,Leather,M,Summer,Formal,0,Windproof,Skirt,Black,Leather,L,Summer,Evening,0,Waterproof,missing,missing,missing,missing,missing,missing,0.0,missing,0
28,20.6,70.0,28.6,-1.0,missing,550,Sweater,561,Skirt,2.230909090909091,Sweater,Black,Wool,XXL,Winter,Formal,1,Quick-drying,Skirt,Black,Cotton,S,Winter,Casual,1,Non-restrictive,missing,missing,missing,missing,missing,missing,0.0,missing,0
29,23.9,32.3,20.4,-1.0,missing,575,T-shirt,583,Skirt,1.4779999999999998,T-shirt,Blue,Jeans,XS,Winter,Evening,1,Breathable,Skirt,Gray,Jeans,L,Spring/Autumn,Casual,1,Non-restrictive,missing,missing,missing,missing,missing,missing,0.0,missing,0
29,23.9,32.3,20.4,-1.0,missing,571,Sweater,585,Trousers,1.328944271909999,Sweater,White,Leather,XS,Spring/Autumn,Formal,0,Insulated,Trousers,White,Wool,M,Spring/Autumn,Sporty,0,Waterproof,missing,missing,missing,missing,missing,missing,0.0,missing,0
29,23.9,32.3,20.4,-1.0,missing,573,Sweatshirt,584,Skirt,1.3279999999999998,Sweatshirt,Red,Linen,XXL,All-year,Sporty,0,Insulated,Skirt,Red,Leather,XS,Summer,Sporty,0,Quick-drying,missing,missing,missing,missing,missing,missing,0.0,missing,0
29,23.9,32.3,20.4,-1.0,missing,575,T-shirt,584,Skirt,1.216,T-shirt,Blue,Jeans,XS,Winter,Evening,1,Breathable,Skirt,Red,Leather,XS,Summer,Sporty,0,Quick-drying,missing,missing,missing,missing,missing,missing,0.0,missing,0
29,23.9,32.3,20.4,-1.0,missing,574,Blazer,584,Skirt,1.2089442719099992,Blazer,Green,Polyester,S,Winter,Formal,1,,Skirt,Red,Leather,XS,Summer,Sporty,0,Quick-drying,missing,missing,missing,missing,missing,missing,0.0,missing,0
30,23.2,36.3,3.5,-1.0,missing,588,Blazer,596,Shorts,1.9,Blazer,Gray,Wool,M,Spring/Autumn,Evening,0,Waterproof,Shorts,Gray,Leather,L,Summer,Evening,0,Waterproof,missing,missing,missing,missing,missing,missing,0.0,missing,0
30,23.2,36.3,3.5,-1.0,missing,588,Blazer,609,Shorts,1.895,Blazer,Gray,Wool,M,Spring/Autumn,Evening,0,Waterproof,Shorts,Gray,Jeans,XS,Winter,Formal,0,Waterproof,missing,missing,missing,missing,missing,missing,0.0,missing,0
30,23.2,36.3,3.5,-1.0,missing,590,Sweater,598,Trousers,1.6205901699437495,Sweater,Green,Jeans,M,Winter,Evening,1,Windproof,Trousers,Green,Linen,XXL,Summer,Casual,0,Quick-drying,missing,missing,missing,missing,missing,missing,0.0,missing,0
30,23.2,36.3,3.5,-1.0,missing,588,Blazer,599,Skirt,1.485,Blazer,Gray,Wool,M,Spring/Autumn,Evening,0,Waterproof,Skirt,White,Wool,XS,Spring/Autumn,Sporty,0,Waterproof,missing,missing,missing,missing,missing,missing,0.0,missing,0
30,23.2,36.3,3.5,-1.0,missing,588,Blazer,598,Trousers,1.48,Blazer,Gray,Wool,M,Spring/Autumn,Evening,0,Waterproof,Trousers,Green,Linen,XXL,Summer,Casual,0,Quick-drying,missing,missing,missing,missing,missing,missing,0.0,missing,0
31,26.1,2.2,18.7,-1.0,missing,611,Sweatshirt,620,Trousers,2.725027346441664,Sweatshirt,Green,Wool,XS,All-year,Formal,1,Quick-drying,Trousers,Black,Linen,S,Spring/Autumn,Sporty,1,Quick-drying,missing,missing,missing,missing,missing,missing,0.0,missing,0
31,26.1,2.2,18.7,-1.0,missing,625,Sweatshirt,620,Trousers,2.4167868932583323,Sweatshirt,Blue,Wool,L,Summer,Casual,0,Quick-drying,Trousers,Black,Linen,S,Spring/Autumn,Sporty,1,Quick-drying,missing,missing,missing,missing,missing,missing,0.0,missing,0
31,26.1,2.2,18.7,-1.0,missing,612,Sweater,620,Trousers,2.415814239699997,Sweater,Blue,Cotton,XS,Winter,Formal,0,,Trousers,Black,Linen,S,Spring/Autumn,Sporty,1,Quick-drying,missing,missing,missing,missing,missing,missing,0.0,missing,0
31,26.1,2.2,18.7,-1.0,missing,613,Sweater,620,Trousers,2.4083606797749977,Sweater,Green,Linen,XS,Summer,Formal,0,,Trousers,Black,Linen,S,Spring/Autumn,Sporty,1,Quick-drying,missing,missing,missing,missing,missing,missing,0.0,missing,0
31,26.1,2.2,18.7,-1.0,missing,610,T-shirt,620,Trousers,2.0893333333333333,T-shirt,Red,Wool,XL,All-year,Casual,0,Non-restrictive,Trousers,Black,Linen,S,Spring/Autumn,Sporty,1,Quick-drying,missing,missing,missing,missing,missing,missing,0.0,missing,0
33,14.0,22.2,1.0,647.0,Jacket,646,Blazer,652,Trousers,2.91990221704083,Blazer,Gray,Jeans,XS,Spring/Autumn,Formal,1,,Trousers,White,Cotton,L,All-year,Evening,0,,Jacket,Gray,Jeans,L,All-year,Casual,0.0,Non-restrictive,1
33,14.0,22.2,1.0,647.0,Jacket,646,Blazer,654,Trousers,2.91990221704083,Blazer,Gray,Jeans,XS,Spring/Autumn,Formal,1,,Trousers,Beige,Polyester,L,Summer,Sporty,0,,Jacket,Gray,Jeans,L,All-year,Casual,0.0,Non-restrictive,1
33,14.0,22.2,1.0,647.0,Jacket,642,T-shirt,652,Trousers,2.918013673220832,T-shirt,White,Wool,XL,All-year,Sporty,1,Windproof,Trousers,White,Cotton,L,All-year,Evening,0,,Jacket,Gray,Jeans,L,All-year,Casual,0.0,Non-restrictive,1
33,14.0,22.2,1.0,647.0,Jacket,642,T-shirt,654,Trousers,2.708013673220832,T-shirt,White,Wool,XL,All-year,Sporty,1,Windproof,Trousers,Beige,Polyester,L,Summer,Sporty,0,,Jacket,Gray,Jeans,L,All-year,Casual,0.0,Non-restrictive,1
33,14.0,22.2,1.0,647.0,Jacket,644,Blazer,652,Trousers,2.6299393691008315,Blazer,White,Jeans,XS,All-year,Evening,0,Insulated,Trousers,White,Cotton,L,All-year,Evening,0,,Jacket,Gray,Jeans,L,All-year,Casual,0.0,Non-restrictive,1
35,6.2,71.3,1.3,691.0,Coat,698,Sweater,699,Trousers,6.306763476725396,Sweater,White,Polyester,XS,All-year,Formal,0,Waterproof,Trousers,Gray,Leather,XS,Spring/Autumn,Formal,0,,Coat,Gray,Wool,S,Winter,Sporty,0.0,Waterproof,1
35,6.2,71.3,1.3,691.0,Coat,682,Shirt,699,Trousers,6.299144429106349,Shirt,Beige,Cotton,XL,Winter,Formal,0,Waterproof,Trousers,Gray,Leather,XS,Spring/Autumn,Formal,0,,Coat,Gray,Wool,S,Winter,Sporty,0.0,Waterproof,1
35,6.2,71.3,1.3,691.0,Coat,700,Sweater,699,Trousers,6.022001571963491,Sweater,Beige,Polyester,XL,Summer,Evening,1,Quick-drying,Trousers,Gray,Leather,XS,Spring/Autumn,Formal,0,,Coat,Gray,Wool,S,Winter,Sporty,0.0,Waterproof,1
35,6.2,71.3,1.3,691.0,Coat,686,Sweatshirt,699,Trousers,6.002953952915872,Sweatshirt,Green,Polyester,XXL,Summer,Evening,0,Non-restrictive,Trousers,Gray,Leather,XS,Spring/Autumn,Formal,0,,Coat,Gray,Wool,S,Winter,Sporty,0.0,Waterproof,1
35,6.2,71.3,1.3,691.0,Coat,684,T-shirt,699,Trousers,5.695334905296825,T-shirt,Red,Polyester,XXL,Summer,Casual,0,Insulated,Trousers,Gray,Leather,XS,Spring/Autumn,Formal,0,,Coat,Gray,Wool,S,Winter,Sporty,0.0,Waterproof,1
36,-4.0,50.5,22.6,708.0,Jacket,702,Sweatshirt,715,Trousers,9.470666666666666,Sweatshirt,Gray,Wool,L,All-year,Casual,1,Waterproof,Trousers,Gray,Polyester,XS,Winter,Sporty,1,Waterproof,Jacket,Gray,Wool,S,All-year,Evening,0.0,Insulated,1
36,-4.0,50.5,22.6,708.0,Jacket,702,Sweatshirt,713,Trousers,9.101,Sweatshirt,Gray,Wool,L,All-year,Casual,1,Waterproof,Trousers,Blue,Leather,XXL,Spring/Autumn,Evening,1,Non-restrictive,Jacket,Gray,Wool,S,All-year,Evening,0.0,Insulated,1
36,-4.0,50.5,22.6,708.0,Jacket,703,Sweatshirt,715,Trousers,9.020666666666669,Sweatshirt,Blue,Cotton,XXL,Spring/Autumn,Casual,1,Insulated,Trousers,Gray,Polyester,XS,Winter,Sporty,1,Waterproof,Jacket,Gray,Wool,S,All-year,Evening,0.0,Insulated,1
36,-4.0,50.5,22.6,708.0,Jacket,702,Sweatshirt,712,Trousers,8.960666666666667,Sweatshirt,Gray,Wool,L,All-year,Casual,1,Waterproof,Trousers,Red,Cotton,XS,All-year,Casual,0,Waterproof,Jacket,Gray,Wool,S,All-year,Evening,0.0,Insulated,1
36,-4.0,50.5,22.6,708.0,Jacket,704,Blazer,715,Trousers,8.86,Blazer,Gray,Wool,XL,Summer,Evening,0,Non-restrictive,Trousers,Gray,Polyester,XS,Winter,Sporty,1,Waterproof,Jacket,Gray,Wool,S,All-year,Evening,0.0,Insulated,1
37,8.2,62.9,10.3,725.0,Coat,719,Sweatshirt,734,Trousers,4.836550135143051,Sweatshirt,Blue,Wool,S,Spring/Autumn,Casual,0,Quick-drying,Trousers,Green,Linen,S,All-year,Formal,1,Waterproof,Coat,Black,Wool,L,All-year,Casual,0.0,missing,1
37,8.2,62.9,10.3,725.0,Coat,737,Sweater,734,Trousers,4.819883468476385,Sweater,Red,Jeans,XL,All-year,Formal,0,Quick-drying,Trousers,Green,Linen,S,All-year,Formal,1,Waterproof,Coat,Black,Wool,L,All-year,Casual,0.0,missing,1
37,8.2,62.9,10.3,726.0,Jacket,737,Sweater,734,Trousers,4.722816046504165,Sweater,Red,Jeans,XL,All-year,Formal,0,Quick-drying,Trousers,Green,Linen,S,All-year,Formal,1,Waterproof,Jacket,Red,Polyester,XXL,All-year,Casual,1.0,Quick-drying,1
37,8.2,62.9,10.3,725.0,Coat,717,Sweatshirt,734,Trousers,4.529883468476385,Sweatshirt,Beige,Cotton,L,Winter,Evening,0,Non-restrictive,Trousers,Green,Linen,S,All-year,Formal,1,Waterproof,Coat,Black,Wool,L,All-year,Casual,0.0,missing,1
37,8.2,62.9,10.3,725.0,Coat,718,Sweatshirt,734,Trousers,4.529883468476385,Sweatshirt,Gray,Cotton,XS,Spring/Autumn,Casual,1,Insulated,Trousers,Green,Linen,S,All-year,Formal,1,Waterproof,Coat,Black,Wool,L,All-year,Casual,0.0,missing,1
38,14.8,5.2,14.9,745.0,Coat,739,Sweatshirt,751,Trousers,2.9313333333333333,Sweatshirt,Beige,Linen,M,Winter,Casual,1,Breathable,Trousers,Green,Wool,XL,Summer,Sporty,0,Windproof,Coat,Beige,Polyester,XL,Spring/Autumn,Sporty,0.0,Non-restrictive,1
38,14.8,5.2,14.9,745.0,Coat,739,Sweatshirt,752,Trousers,2.9313333333333333,Sweatshirt,Beige,Linen,M,Winter,Casual,1,Breathable,Trousers,Green,Jeans,S,Summer,Sporty,0,Waterproof,Coat,Beige,Polyester,XL,Spring/Autumn,Sporty,0.0,Non-restrictive,1
38,14.8,5.2,14.9,747.0,Coat,739,Sweatshirt,751,Trousers,2.737333333333333,Sweatshirt,Beige,Linen,M,Winter,Casual,1,Breathable,Trousers,Green,Wool,XL,Summer,Sporty,0,Windproof,Coat,White,Cotton,S,Winter,Formal,1.0,Insulated,1
38,14.8,5.2,14.9,747.0,Coat,739,Sweatshirt,752,Trousers,2.737333333333333,Sweatshirt,Beige,Linen,M,Winter,Casual,1,Breathable,Trousers,Green,Jeans,S,Summer,Sporty,0,Waterproof,Coat,White,Cotton,S,Winter,Formal,1.0,Insulated,1
38,14.8,5.2,14.9,744.0,Coat,739,Sweatshirt,751,Trousers,2.732,Sweatshirt,Beige,Linen,M,Winter,Casual,1,Breathable,Trousers,Green,Wool,XL,Summer,Sporty,0,Windproof,Coat,Blue,Leather,XL,Winter,Evening,1.0,Insulated,1
39,24.3,19.5,7.3,-1.0,missing,755,T-shirt,766,Shorts,1.0138885438199985,T-shirt,Beige,Wool,L,All-year,Casual,0,Quick-drying,Shorts,Beige,Wool,S,All-year,Sporty,1,Quick-drying,missing,missing,missing,missing,missing,missing,0.0,missing,0
39,24.3,19.5,7.3,-1.0,missing,758,Blazer,766,Shorts,0.9978885438199984,Blazer,Beige,Jeans,L,Spring/Autumn,Sporty,0,,Shorts,Beige,Wool,S,All-year,Sporty,1,Quick-drying,missing,missing,missing,missing,missing,missing,0.0,missing,0
39,24.3,19.5,7.3,-1.0,missing,756,Sweatshirt,768,Trousers,0.7298885438199982,Sweatshirt,Blue,Polyester,L,Spring/Autumn,Evening,0,Insulated,Trousers,Blue,Jeans,XS,Spring/Autumn,Formal,0,Windproof,missing,missing,missing,missing,missing,missing,0.0,missing,0
39,24.3,19.5,7.3,-1.0,missing,757,T-shirt,765,Trousers,0.7228328157299975,T-shirt,Black,Cotton,M,Spring/Autumn,Evening,0,Waterproof,Trousers,Black,Polyester,XS,Summer,Formal,0,,missing,missing,missing,missing,missing,missing,0.0,missing,0
39,24.3,19.5,7.3,-1.0,missing,756,Sweatshirt,769,Skirt,0.7209442719099991,Sweatshirt,Blue,Polyester,L,Spring/Autumn,Evening,0,Insulated,Skirt,Blue,Polyester,M,Summer,Evening,0,Breathable,missing,missing,missing,missing,missing,missing,0.0,missing,0
40,25.1,48.6,18.3,-1.0,missing,771,Blazer,784,Shorts,3.145888543819998,Blazer,Beige,Linen,XXL,Summer,Evening,0,,Shorts,Beige,Linen,XL,Spring/Autumn,Casual,0,Quick-drying,missing,missing,missing,missing,missing,missing,0.0,missing,0
40,25.1,48.6,18.3,-1.0,missing,772,Sweater,784,Shorts,2.432944271909999,Sweater,Black,Jeans,S,Summer,Formal,0,Non-restrictive,Shorts,Beige,Linen,XL,Spring/Autumn,Casual,0,Quick-drying,missing,missing,missing,missing,missing,missing,0.0,missing,0
40,25.1,48.6,18.3,-1.0,missing,773,Sweater,784,Shorts,2.149888543819998,Sweater,White,Jeans,M,Spring/Autumn,Evening,0,Windproof,Shorts,Beige,Linen,XL,Spring/Autumn,Casual,0,Quick-drying,missing,missing,missing,missing,missing,missing,0.0,missing,0
40,25.1,48.6,18.3,-1.0,missing,770,Shirt,784,Shorts,2.1249442719099987,Shirt,White,Wool,XS,Summer,Sporty,0,Anti-chafing,Shorts,Beige,Linen,XL,Spring/Autumn,Casual,0,Quick-drying,missing,missing,missing,missing,missing,missing,0.0,missing,0
40,25.1,48.6,18.3,-1.0,missing,774,T-shirt,784,Shorts,2.116944271909999,T-shirt,Blue,Leather,XL,Winter,Casual,0,Insulated,Shorts,Beige,Linen,XL,Spring/Autumn,Casual,0,Quick-drying,missing,missing,missing,missing,missing,missing,0.0,missing,0
41,7.5,81.8,18.6,792.0,Coat,788,Sweatshirt,796,Trousers,5.406000000000001,Sweatshirt,Beige,Cotton,L,Summer,Evening,1,Waterproof,Trousers,Black,Linen,L,All-year,Formal,0,Waterproof,Coat,Green,Polyester,M,Spring/Autumn,Formal,0.0,Quick-drying,1
41,7.5,81.8,18.6,791.0,Coat,788,Sweatshirt,796,Trousers,5.106000000000001,Sweatshirt,Beige,Cotton,L,Summer,Evening,1,Waterproof,Trousers,Black,Linen,L,All-year,Formal,0,Waterproof,Coat,Black,Jeans,M,Summer,Casual,1.0,Windproof,1
41,7.5,81.8,18.6,795.0,Coat,788,Sweatshirt,796,Trousers,5.100666666666667,Sweatshirt,Beige,Cotton,L,Summer,Evening,1,Waterproof,Trousers,Black,Linen,L,All-year,Formal,0,Waterproof,Coat,Blue,Linen,XS,All-year,Evening,0.0,Non-restrictive,1
41,7.5,81.8,18.6,794.0,Coat,788,Sweatshirt,796,Trousers,4.811333333333333,Sweatshirt,Beige,Cotton,L,Summer,Evening,1,Waterproof,Trousers,Black,Linen,L,All-year,Formal,0,Waterproof,Coat,Green,Linen,S,All-year,Formal,0.0,Insulated,1
41,7.5,81.8,18.6,793.0,Jacket,788,Sweatshirt,796,Trousers,4.79,Sweatshirt,Beige,Cotton,L,Summer,Evening,1,Waterproof,Trousers,Black,Linen,L,All-year,Formal,0,Waterproof,Jacket,White,Jeans,XL,All-year,Sporty,0.0,Windproof,1
42,26.6,10.7,10.1,-1.0,missing,806,Shirt,816,Shorts,2.6932218771533316,Shirt,Black,Linen,XXL,Spring/Autumn,Formal,0,Quick-drying,Shorts,White,Linen,L,All-year,Evening,0,Non-restrictive,missing,missing,missing,missing,missing,missing,0.0,missing,0
42,26.6,10.7,10.1,-1.0,missing,807,Blazer,816,Shorts,2.4232218771533316,Blazer,Red,Cotton,XS,Summer,Evening,0,Breathable,Shorts,White,Linen,L,All-year,Evening,0,Non-restrictive,missing,missing,missing,missing,missing,missing,0.0,missing,0
42,26.6,10.7,10.1,-1.0,missing,804,T-shirt,816,Shorts,2.399888543819998,T-shirt,Black,Cotton,XXL,Winter,Casual,1,Anti-chafing,Shorts,White,Linen,L,All-year,Evening,0,Non-restrictive,missing,missing,missing,missing,missing,missing,0.0,missing,0
42,26.6,10.7,10.1,-1.0,missing,806,Shirt,818,Shorts,2.393221877153332,Shirt,Black,Linen,XXL,Spring/Autumn,Formal,0,Quick-drying,Shorts,White,Polyester,XL,All-year,Casual,0,Anti-chafing,missing,missing,missing,missing,missing,missing,0.0,missing,0
42,26.6,10.7,10.1,-1.0,missing,806,Shirt,817,Trousers,2.390277605243332,Shirt,Black,Linen,XXL,Spring/Autumn,Formal,0,Quick-drying,Trousers,Blue,Leather,XXL,Winter,Evening,1,Breathable,missing,missing,missing,missing,missing,missing,0.0,missing,0
43,18.0,90.4,9.3,-1.0,missing,826,Sweatshirt,835,Skirt,2.5329508497187474,Sweatshirt,Gray,Cotton,S,Spring/Autumn,Casual,1,,Skirt,Gray,Linen,S,Winter,Evening,1,Waterproof,missing,missing,missing,missing,missing,missing,0.0,missing,0
43,18.0,90.4,9.3,-1.0,missing,822,Sweatshirt,835,Skirt,2.4255901699437494,Sweatshirt,Red,Leather,XL,Winter,Sporty,0,Quick-drying,Skirt,Gray,Linen,S,Winter,Evening,1,Waterproof,missing,missing,missing,missing,missing,missing,0.0,missing,0
43,18.0,90.4,9.3,-1.0,missing,840,T-shirt,835,Skirt,2.4099999999999997,T-shirt,Red,Polyester,L,All-year,Sporty,0,Breathable,Skirt,Gray,Linen,S,Winter,Evening,1,Waterproof,missing,missing,missing,missing,missing,missing,0.0,missing,0
43,18.0,90.4,9.3,-1.0,missing,837,Shirt,835,Skirt,2.252360679774998,Shirt,Gray,Wool,L,Summer,Casual,0,Quick-drying,Skirt,Gray,Linen,S,Winter,Evening,1,Waterproof,missing,missing,missing,missing,missing,missing,0.0,missing,0
43,18.0,90.4,9.3,-1.0,missing,824,Sweatshirt,835,Skirt,2.096180339887499,Sweatshirt,Blue,Wool,L,All-year,Sporty,0,Windproof,Skirt,Gray,Linen,S,Winter,Evening,1,Waterproof,missing,missing,missing,missing,missing,missing,0.0,missing,0
44,6.9,71.2,5.2,859.0,Jacket,861,Sweater,863,Trousers,6.301208965266468,Sweater,Black,Wool,XXL,Spring/Autumn,Evening,0,Waterproof,Trousers,Beige,Wool,XXL,All-year,Casual,1,Waterproof,Jacket,Green,Wool,XS,Spring/Autumn,Formal,1.0,Insulated,1
44,6.9,71.2,5.2,859.0,Jacket,844,Sweatshirt,863,Trousers,6.015066894105355,Sweatshirt,Black,Polyester,XL,All-year,Sporty,0,Non-restrictive,Trousers,Beige,Wool,XXL,All-year,Casual,1,Waterproof,Jacket,Green,Wool,XS,Spring/Autumn,Formal,1.0,Insulated,1
44,6.9,71.2,5.2,848.0,Coat,861,Sweater,863,Trousers,5.987482185303968,Sweater,Black,Wool,XXL,Spring/Autumn,Evening,0,Waterproof,Trousers,Beige,Wool,XXL,All-year,Casual,1,Waterproof,Coat,Red,Leather,XS,All-year,Formal,0.0,Waterproof,1
44,6.9,71.2,5.2,859.0,Jacket,846,T-shirt,863,Trousers,5.916178005216467,T-shirt,Green,Polyester,XXL,Summer,Formal,0,Insulated,Trousers,Beige,Wool,XXL,All-year,Casual,1,Waterproof,Jacket,Green,Wool,XS,Spring/Autumn,Formal,1.0,Insulated,1
44,6.9,71.2,5.2,859.0,Jacket,845,Shirt,863,Trousers,5.7171652761275755,Shirt,Black,Polyester,XL,Winter,Formal,0,,Trousers,Beige,Wool,XXL,All-year,Casual,1,Waterproof,Jacket,Green,Wool,XS,Spring/Autumn,Formal,1.0,Insulated,1
45,21.8,65.1,22.4,-1.0,missing,867,Blazer,878,Skirt,1.3299999999999998,Blazer,Green,Leather,XS,Spring/Autumn,Formal,0,Waterproof,Skirt,Green,Cotton,M,Summer,Evening,0,Windproof,missing,missing,missing,missing,missing,missing,0.0,missing,0
45,21.8,65.1,22.4,-1.0,missing,867,Blazer,885,Skirt,1.3242857142857145,Blazer,Green,Leather,XS,Spring/Autumn,Formal,0,Waterproof,Skirt,Green,Wool,XXL,Summer,Evening,0,Insulated,missing,missing,missing,missing,missing,missing,0.0,missing,0
45,21.8,65.1,22.4,-1.0,missing,869,Shirt,877,Shorts,1.1964285714285714,Shirt,Beige,Cotton,M,All-year,Sporty,0,Waterproof,Shorts,Blue,Wool,XXL,Summer,Sporty,0,Non-restrictive,missing,missing,missing,missing,missing,missing,0.0,missing,0
45,21.8,65.1,22.4,-1.0,missing,867,Blazer,877,Shorts,1.1814285714285715,Blazer,Green,Leather,XS,Spring/Autumn,Formal,0,Waterproof,Shorts,Blue,Wool,XXL,Summer,Sporty,0,Non-restrictive,missing,missing,missing,missing,missing,missing,0.0,missing,0
45,21.8,65.1,22.4,-1.0,missing,881,Sweater,877,Shorts,1.1664285714285716,Sweater,Beige,Linen,XL,Winter,Casual,0,Quick-drying,Shorts,Blue,Wool,XXL,Summer,Sporty,0,Non-restrictive,missing,missing,missing,missing,missing,missing,0.0,missing,0
47,4.7,24.5,2.6,920.0,Coat,908,Blazer,916,Trousers,8.529799989774602,Blazer,Gray,Wool,S,Spring/Autumn,Casual,0,Non-restrictive,Trousers,Gray,Polyester,XXL,All-year,Sporty,1,Non-restrictive,Coat,Gray,Wool,XXL,Winter,Casual,0.0,Insulated,1
47,4.7,24.5,2.6,920.0,Coat,909,T-shirt,916,Trousers,8.361322751322751,T-shirt,Blue,Linen,XXL,All-year,Sporty,0,Insulated,Trousers,Gray,Polyester,XXL,All-year,Sporty,1,Non-restrictive,Coat,Gray,Wool,XXL,Winter,Casual,0.0,Insulated,1
47,4.7,24.5,2.6,920.0,Coat,907,T-shirt,916,Trousers,8.103874063848677,T-shirt,Black,Wool,XXL,Winter,Evening,1,Breathable,Trousers,Gray,Polyester,XXL,All-year,Sporty,1,Non-restrictive,Coat,Gray,Wool,XXL,Winter,Casual,0.0,Insulated,1
47,4.7,24.5,2.6,920.0,Coat,923,Shirt,916,Trousers,8.088359788359789,Shirt,Red,Leather,S,Winter,Formal,0,Insulated,Trousers,Gray,Polyester,XXL,All-year,Sporty,1,Non-restrictive,Coat,Gray,Wool,XXL,Winter,Casual,0.0,Insulated,1
47,4.7,24.5,2.6,920.0,Coat,908,Blazer,919,Trousers,8.020249643065078,Blazer,Gray,Wool,S,Spring/Autumn,Casual,0,Non-restrictive,Trousers,White,Leather,S,Winter,Formal,0,Non-restrictive,Coat,Gray,Wool,XXL,Winter,Casual,0.0,Insulated,1
48,7.4,42.4,3.5,935.0,Jacket,931,Blazer,941,Trousers,4.722185070162221,Blazer,Black,Cotton,S,All-year,Formal,0,Waterproof,Trousers,Blue,Polyester,XL,Summer,Evening,1,Breathable,Jacket,Black,Wool,M,Winter,Evening,1.0,Windproof,1
48,7.4,42.4,3.5,935.0,Jacket,928,T-shirt,941,Trousers,4.708536979525555,T-shirt,Blue,Wool,XS,Spring/Autumn,Formal,0,Quick-drying,Trousers,Blue,Polyester,XL,Summer,Evening,1,Breathable,Jacket,Black,Wool,M,Winter,Evening,1.0,Windproof,1
48,7.4,42.4,3.5,935.0,Jacket,947,Blazer,941,Trousers,4.430185070162222,Blazer,Black,Jeans,M,Winter,Formal,0,Non-restrictive,Trousers,Blue,Polyester,XL,Summer,Evening,1,Breathable,Jacket,Black,Wool,M,Winter,Evening,1.0,Windproof,1
48,7.4,42.4,3.5,935.0,Jacket,931,Blazer,944,Trousers,4.417740625717777,Blazer,Black,Cotton,S,All-year,Formal,0,Waterproof,Trousers,Blue,Linen,XL,All-year,Evening,0,Breathable,Jacket,Black,Wool,M,Winter,Evening,1.0,Windproof,1
48,7.4,42.4,3.5,935.0,Jacket,932,Shirt,941,Trousers,4.408536979525556,Shirt,Black,Linen,M,All-year,Evening,0,Non-restrictive,Trousers,Blue,Polyester,XL,Summer,Evening,1,Breathable,Jacket,Black,Wool,M,Winter,Evening,1.0,Windproof,1
49,24.4,24.8,23.7,-1.0,missing,957,Sweatshirt,967,Trousers,1.2068328157299977,Sweatshirt,Gray,Polyester,XS,All-year,Formal,0,,Trousers,Blue,Cotton,L,Summer,Evening,1,Non-restrictive,missing,missing,missing,missing,missing,missing,0.0,missing,0
49,24.4,24.8,23.7,-1.0,missing,954,Sweater,967,Trousers,0.9457770876399968,Sweater,White,Polyester,M,All-year,Sporty,0,,Trousers,Blue,Cotton,L,Summer,Evening,1,Non-restrictive,missing,missing,missing,missing,missing,missing,0.0,missing,0
49,24.4,24.8,23.7,-1.0,missing,956,Shirt,967,Trousers,0.9428328157299976,Shirt,Black,Polyester,L,Winter,Sporty,0,Insulated,Trousers,Blue,Cotton,L,Summer,Evening,1,Non-restrictive,missing,missing,missing,missing,missing,missing,0.0,missing,0
49,24.4,24.8,23.7,-1.0,missing,953,Shirt,967,Trousers,0.9338885438199984,Shirt,Beige,Polyester,S,Winter,Evening,0,Quick-drying,Trousers,Blue,Cotton,L,Summer,Evening,1,Non-restrictive,missing,missing,missing,missing,missing,missing,0.0,missing,0
49,24.4,24.8,23.7,-1.0,missing,955,Sweatshirt,967,Trousers,0.9178885438199984,Sweatshirt,White,Jeans,M,Spring/Autumn,Casual,0,Windproof,Trousers,Blue,Cotton,L,Summer,Evening,1,Non-restrictive,missing,missing,missing,missing,missing,missing,0.0,missing,0
50,15.7,63.7,13.0,977.0,Jacket,988,Sweatshirt,986,Shorts,2.264021081861904,Sweatshirt,Black,Leather,M,Winter,Evening,0,Waterproof,Shorts,White,Cotton,M,Winter,Sporty,0,Quick-drying,Jacket,Red,Polyester,L,Spring/Autumn,Sporty,1.0,Non-restrictive,1
50,15.7,63.7,13.0,975.0,Jacket,988,Sweatshirt,986,Shorts,2.2602115580523803,Sweatshirt,Black,Leather,M,Winter,Evening,0,Waterproof,Shorts,White,Cotton,M,Winter,Sporty,0,Quick-drying,Jacket,Gray,Polyester,L,Winter,Casual,0.0,Quick-drying,1
50,15.7,63.7,13.0,977.0,Jacket,990,Shirt,986,Shorts,2.256402034242857,Shirt,Black,Wool,L,Summer,Evening,0,Quick-drying,Shorts,White,Cotton,M,Winter,Sporty,0,Quick-drying,Jacket,Red,Polyester,L,Spring/Autumn,Sporty,1.0,Non-restrictive,1
50,15.7,63.7,13.0,975.0,Jacket,990,Shirt,986,Shorts,2.252592510433333,Shirt,Black,Wool,L,Summer,Evening,0,Quick-drying,Shorts,White,Cotton,M,Winter,Sporty,0,Quick-drying,Jacket,Gray,Polyester,L,Winter,Casual,0.0,Quick-drying,1
50,15.7,63.7,13.0,977.0,Jacket,988,Sweatshirt,985,Shorts,2.132830605671428,Sweatshirt,Black,Leather,M,Winter,Evening,0,Waterproof,Shorts,Red,Jeans,L,All-year,Formal,0,Waterproof,Jacket,Red,Polyester,L,Spring/Autumn,Sporty,1.0,Non-restrictive,1
